[{"model": "admin.logentry", "pk": 1, "fields": {"action_time": "2023-10-22T12:55:48.081Z", "user": 1, "content_type": 7, "object_id": "1", "object_repr": "Women's Fashion", "action_flag": 1, "change_message": "[{\"added\": {}}]"}}, {"model": "admin.logentry", "pk": 2, "fields": {"action_time": "2023-10-22T12:56:07.160Z", "user": 1, "content_type": 7, "object_id": "2", "object_repr": "Men's Fashion", "action_flag": 1, "change_message": "[{\"added\": {}}]"}}, {"model": "admin.logentry", "pk": 3, "fields": {"action_time": "2023-10-22T12:56:30.714Z", "user": 1, "content_type": 7, "object_id": "3", "object_repr": "Beauty And Personal Care", "action_flag": 1, "change_message": "[{\"added\": {}}]"}}, {"model": "admin.logentry", "pk": 4, "fields": {"action_time": "2023-10-22T12:56:58.181Z", "user": 1, "content_type": 7, "object_id": "4", "object_repr": "Health And Household", "action_flag": 1, "change_message": "[{\"added\": {}}]"}}, {"model": "admin.logentry", "pk": 5, "fields": {"action_time": "2023-10-22T12:57:19.123Z", "user": 1, "content_type": 7, "object_id": "5", "object_repr": "Home And Kitchen", "action_flag": 1, "change_message": "[{\"added\": {}}]"}}, {"model": "admin.logentry", "pk": 6, "fields": {"action_time": "2023-10-22T12:57:48.525Z", "user": 1, "content_type": 7, "object_id": "6", "object_repr": "Industrial And Scientific", "action_flag": 1, "change_message": "[{\"added\": {}}]"}}, {"model": "admin.logentry", "pk": 7, "fields": {"action_time": "2023-10-22T12:58:13.114Z", "user": 1, "content_type": 7, "object_id": "7", "object_repr": "Luggage", "action_flag": 1, "change_message": "[{\"added\": {}}]"}}, {"model": "admin.logentry", "pk": 8, "fields": {"action_time": "2023-10-22T12:58:43.933Z", "user": 1, "content_type": 7, "object_id": "8", "object_repr": "Software", "action_flag": 1, "change_message": "[{\"added\": {}}]"}}, {"model": "admin.logentry", "pk": 9, "fields": {"action_time": "2023-10-22T12:59:07.466Z", "user": 1, "content_type": 7, "object_id": "9", "object_repr": "Sports And Outdoors", "action_flag": 1, "change_message": "[{\"added\": {}}]"}}, {"model": "admin.logentry", "pk": 10, "fields": {"action_time": "2023-10-22T12:59:29.436Z", "user": 1, "content_type": 7, "object_id": "10", "object_repr": "Toys And Games", "action_flag": 1, "change_message": "[{\"added\": {}}]"}}, {"model": "admin.logentry", "pk": 11, "fields": {"action_time": "2023-10-22T13:00:26.318Z", "user": 1, "content_type": 7, "object_id": "11", "object_repr": "Electronics", "action_flag": 1, "change_message": "[{\"added\": {}}]"}}, {"model": "admin.logentry", "pk": 12, "fields": {"action_time": "2023-10-22T13:00:45.218Z", "user": 1, "content_type": 7, "object_id": "12", "object_repr": "Smart Home", "action_flag": 1, "change_message": "[{\"added\": {}}]"}}, {"model": "admin.logentry", "pk": 13, "fields": {"action_time": "2023-10-22T13:04:01.724Z", "user": 1, "content_type": 10, "object_id": "1", "object_repr": "Women's Asymmetrical Hem Dress", "action_flag": 1, "change_message": "[{\"added\": {}}]"}}, {"model": "admin.logentry", "pk": 14, "fields": {"action_time": "2023-10-22T13:04:34.929Z", "user": 1, "content_type": 8, "object_id": "1", "object_repr": "Logan", "action_flag": 1, "change_message": "[{\"added\": {}}]"}}, {"model": "admin.logentry", "pk": 15, "fields": {"action_time": "2023-10-22T13:25:00.927Z", "user": 1, "content_type": 10, "object_id": "2", "object_repr": "Silver-Tone Statement Link Bracelet", "action_flag": 1, "change_message": "[{\"added\": {}}]"}}, {"model": "admin.logentry", "pk": 16, "fields": {"action_time": "2023-10-22T13:27:09.310Z", "user": 1, "content_type": 10, "object_id": "3", "object_repr": "Walking Sneakers Athletic Shoes - Black", "action_flag": 1, "change_message": "[{\"added\": {}}]"}}, {"model": "admin.logentry", "pk": 17, "fields": {"action_time": "2023-10-22T13:29:50.384Z", "user": 1, "content_type": 10, "object_id": "4", "object_repr": "Men's Classic Rectangle 2-Hand Quartz Watch", "action_flag": 1, "change_message": "[{\"added\": {}}]"}}, {"model": "admin.logentry", "pk": 18, "fields": {"action_time": "2023-10-22T13:31:29.197Z", "user": 1, "content_type": 10, "object_id": "5", "object_repr": "Fossil Men's Fos 2088/S Rectangular Sunglasses", "action_flag": 1, "change_message": "[{\"added\": {}}]"}}, {"model": "admin.logentry", "pk": 19, "fields": {"action_time": "2023-10-22T13:32:59.329Z", "user": 1, "content_type": 10, "object_id": "6", "object_repr": "Paco Rabanne Invictus Victory EDP Extreme Spray Men 3.4 oz", "action_flag": 1, "change_message": "[{\"added\": {}}]"}}, {"model": "admin.logentry", "pk": 20, "fields": {"action_time": "2023-10-22T13:34:36.055Z", "user": 1, "content_type": 10, "object_id": "7", "object_repr": "Tree Hut bare Moisturizing Shave Oil, Basic, Coconut-Lime, 7.7 Fl Oz", "action_flag": 1, "change_message": "[{\"added\": {}}]"}}, {"model": "admin.logentry", "pk": 21, "fields": {"action_time": "2023-10-22T13:37:53.163Z", "user": 1, "content_type": 10, "object_id": "8", "object_repr": "Flents Foam Ear Plugs", "action_flag": 1, "change_message": "[{\"added\": {}}]"}}, {"model": "admin.logentry", "pk": 22, "fields": {"action_time": "2023-10-22T13:39:29.014Z", "user": 1, "content_type": 10, "object_id": "9", "object_repr": "Oakley Kitchen Sink Backpack, Stealth Black, One Size", "action_flag": 1, "change_message": "[{\"added\": {}}]"}}, {"model": "auth.permission", "pk": 1, "fields": {"name": "Can add log entry", "content_type": 1, "codename": "add_logentry"}}, {"model": "auth.permission", "pk": 2, "fields": {"name": "Can change log entry", "content_type": 1, "codename": "change_logentry"}}, {"model": "auth.permission", "pk": 3, "fields": {"name": "Can delete log entry", "content_type": 1, "codename": "delete_logentry"}}, {"model": "auth.permission", "pk": 4, "fields": {"name": "Can view log entry", "content_type": 1, "codename": "view_logentry"}}, {"model": "auth.permission", "pk": 5, "fields": {"name": "Can add permission", "content_type": 2, "codename": "add_permission"}}, {"model": "auth.permission", "pk": 6, "fields": {"name": "Can change permission", "content_type": 2, "codename": "change_permission"}}, {"model": "auth.permission", "pk": 7, "fields": {"name": "Can delete permission", "content_type": 2, "codename": "delete_permission"}}, {"model": "auth.permission", "pk": 8, "fields": {"name": "Can view permission", "content_type": 2, "codename": "view_permission"}}, {"model": "auth.permission", "pk": 9, "fields": {"name": "Can add group", "content_type": 3, "codename": "add_group"}}, {"model": "auth.permission", "pk": 10, "fields": {"name": "Can change group", "content_type": 3, "codename": "change_group"}}, {"model": "auth.permission", "pk": 11, "fields": {"name": "Can delete group", "content_type": 3, "codename": "delete_group"}}, {"model": "auth.permission", "pk": 12, "fields": {"name": "Can view group", "content_type": 3, "codename": "view_group"}}, {"model": "auth.permission", "pk": 13, "fields": {"name": "Can add user", "content_type": 4, "codename": "add_user"}}, {"model": "auth.permission", "pk": 14, "fields": {"name": "Can change user", "content_type": 4, "codename": "change_user"}}, {"model": "auth.permission", "pk": 15, "fields": {"name": "Can delete user", "content_type": 4, "codename": "delete_user"}}, {"model": "auth.permission", "pk": 16, "fields": {"name": "Can view user", "content_type": 4, "codename": "view_user"}}, {"model": "auth.permission", "pk": 17, "fields": {"name": "Can add content type", "content_type": 5, "codename": "add_contenttype"}}, {"model": "auth.permission", "pk": 18, "fields": {"name": "Can change content type", "content_type": 5, "codename": "change_contenttype"}}, {"model": "auth.permission", "pk": 19, "fields": {"name": "Can delete content type", "content_type": 5, "codename": "delete_contenttype"}}, {"model": "auth.permission", "pk": 20, "fields": {"name": "Can view content type", "content_type": 5, "codename": "view_contenttype"}}, {"model": "auth.permission", "pk": 21, "fields": {"name": "Can add session", "content_type": 6, "codename": "add_session"}}, {"model": "auth.permission", "pk": 22, "fields": {"name": "Can change session", "content_type": 6, "codename": "change_session"}}, {"model": "auth.permission", "pk": 23, "fields": {"name": "Can delete session", "content_type": 6, "codename": "delete_session"}}, {"model": "auth.permission", "pk": 24, "fields": {"name": "Can view session", "content_type": 6, "codename": "view_session"}}, {"model": "auth.permission", "pk": 25, "fields": {"name": "Can add category", "content_type": 7, "codename": "add_category"}}, {"model": "auth.permission", "pk": 26, "fields": {"name": "Can change category", "content_type": 7, "codename": "change_category"}}, {"model": "auth.permission", "pk": 27, "fields": {"name": "Can delete category", "content_type": 7, "codename": "delete_category"}}, {"model": "auth.permission", "pk": 28, "fields": {"name": "Can view category", "content_type": 7, "codename": "view_category"}}, {"model": "auth.permission", "pk": 29, "fields": {"name": "Can add customer", "content_type": 8, "codename": "add_customer"}}, {"model": "auth.permission", "pk": 30, "fields": {"name": "Can change customer", "content_type": 8, "codename": "change_customer"}}, {"model": "auth.permission", "pk": 31, "fields": {"name": "Can delete customer", "content_type": 8, "codename": "delete_customer"}}, {"model": "auth.permission", "pk": 32, "fields": {"name": "Can view customer", "content_type": 8, "codename": "view_customer"}}, {"model": "auth.permission", "pk": 33, "fields": {"name": "Can add order", "content_type": 9, "codename": "add_order"}}, {"model": "auth.permission", "pk": 34, "fields": {"name": "Can change order", "content_type": 9, "codename": "change_order"}}, {"model": "auth.permission", "pk": 35, "fields": {"name": "Can delete order", "content_type": 9, "codename": "delete_order"}}, {"model": "auth.permission", "pk": 36, "fields": {"name": "Can view order", "content_type": 9, "codename": "view_order"}}, {"model": "auth.permission", "pk": 37, "fields": {"name": "Can add product", "content_type": 10, "codename": "add_product"}}, {"model": "auth.permission", "pk": 38, "fields": {"name": "Can change product", "content_type": 10, "codename": "change_product"}}, {"model": "auth.permission", "pk": 39, "fields": {"name": "Can delete product", "content_type": 10, "codename": "delete_product"}}, {"model": "auth.permission", "pk": 40, "fields": {"name": "Can view product", "content_type": 10, "codename": "view_product"}}, {"model": "auth.permission", "pk": 41, "fields": {"name": "Can add shipping address", "content_type": 11, "codename": "add_shippingaddress"}}, {"model": "auth.permission", "pk": 42, "fields": {"name": "Can change shipping address", "content_type": 11, "codename": "change_shippingaddress"}}, {"model": "auth.permission", "pk": 43, "fields": {"name": "Can delete shipping address", "content_type": 11, "codename": "delete_shippingaddress"}}, {"model": "auth.permission", "pk": 44, "fields": {"name": "Can view shipping address", "content_type": 11, "codename": "view_shippingaddress"}}, {"model": "auth.permission", "pk": 45, "fields": {"name": "Can add review", "content_type": 12, "codename": "add_review"}}, {"model": "auth.permission", "pk": 46, "fields": {"name": "Can change review", "content_type": 12, "codename": "change_review"}}, {"model": "auth.permission", "pk": 47, "fields": {"name": "Can delete review", "content_type": 12, "codename": "delete_review"}}, {"model": "auth.permission", "pk": 48, "fields": {"name": "Can view review", "content_type": 12, "codename": "view_review"}}, {"model": "auth.permission", "pk": 49, "fields": {"name": "Can add order item", "content_type": 13, "codename": "add_orderitem"}}, {"model": "auth.permission", "pk": 50, "fields": {"name": "Can change order item", "content_type": 13, "codename": "change_orderitem"}}, {"model": "auth.permission", "pk": 51, "fields": {"name": "Can delete order item", "content_type": 13, "codename": "delete_orderitem"}}, {"model": "auth.permission", "pk": 52, "fields": {"name": "Can view order item", "content_type": 13, "codename": "view_orderitem"}}, {"model": "auth.permission", "pk": 53, "fields": {"name": "Can add order history", "content_type": 14, "codename": "add_orderhistory"}}, {"model": "auth.permission", "pk": 54, "fields": {"name": "Can change order history", "content_type": 14, "codename": "change_orderhistory"}}, {"model": "auth.permission", "pk": 55, "fields": {"name": "Can delete order history", "content_type": 14, "codename": "delete_orderhistory"}}, {"model": "auth.permission", "pk": 56, "fields": {"name": "Can view order history", "content_type": 14, "codename": "view_orderhistory"}}, {"model": "auth.user", "pk": 1, "fields": {"password": "pbkdf2_sha256$390000$WUGt0Mp3og5wsc2eqiUx97$kRR2vCbVckWpQBRdjbpeRwSZCZvmSUZXaqLq2vHr8fs=", "last_login": "2023-10-22T12:11:11.091Z", "is_superuser": true, "username": "logan", "first_name": "", "last_name": "", "email": "logan@gmail.com", "is_staff": true, "is_active": true, "date_joined": "2023-10-22T12:10:30.961Z", "groups": [], "user_permissions": []}}, {"model": "contenttypes.contenttype", "pk": 1, "fields": {"app_label": "admin", "model": "logentry"}}, {"model": "contenttypes.contenttype", "pk": 2, "fields": {"app_label": "auth", "model": "permission"}}, {"model": "contenttypes.contenttype", "pk": 3, "fields": {"app_label": "auth", "model": "group"}}, {"model": "contenttypes.contenttype", "pk": 4, "fields": {"app_label": "auth", "model": "user"}}, {"model": "contenttypes.contenttype", "pk": 5, "fields": {"app_label": "contenttypes", "model": "contenttype"}}, {"model": "contenttypes.contenttype", "pk": 6, "fields": {"app_label": "sessions", "model": "session"}}, {"model": "contenttypes.contenttype", "pk": 7, "fields": {"app_label": "store", "model": "category"}}, {"model": "contenttypes.contenttype", "pk": 8, "fields": {"app_label": "store", "model": "customer"}}, {"model": "contenttypes.contenttype", "pk": 9, "fields": {"app_label": "store", "model": "order"}}, {"model": "contenttypes.contenttype", "pk": 10, "fields": {"app_label": "store", "model": "product"}}, {"model": "contenttypes.contenttype", "pk": 11, "fields": {"app_label": "store", "model": "shippingaddress"}}, {"model": "contenttypes.contenttype", "pk": 12, "fields": {"app_label": "store", "model": "review"}}, {"model": "contenttypes.contenttype", "pk": 13, "fields": {"app_label": "store", "model": "orderitem"}}, {"model": "contenttypes.contenttype", "pk": 14, "fields": {"app_label": "store", "model": "orderhistory"}}, {"model": "sessions.session", "pk": "6oytl182l5wi4ytqmfj5kndnbe7xouz3", "fields": {"session_data": ".eJxVjMEOwiAQRP-FsyFAZUGP3vsNZIFdqRpISnsy_rtt0oNmbvPezFsEXJcS1k5zmLK4Ci1Ov13E9KS6g_zAem8ytbrMU5S7Ig_a5dgyvW6H-3dQsJdtnay2oBkG5SECaFLA7rzFMifyxrD1WjlW0TmkCAajGhQPhoEI3EV8vsD-N08:1quXIV:n2cvhRc92E317egcJ-TDyp4VemMzZikDEyhcc5ADtlA", "expire_date": "2023-11-05T12:11:11.202Z"}}, {"model": "store.customer", "pk": 1, "fields": {"user": 1, "name": "Logan", "email": "logan@gmail.com"}}, {"model": "store.category", "pk": 1, "fields": {"name": "Women's Fashion"}}, {"model": "store.category", "pk": 2, "fields": {"name": "Men's Fashion"}}, {"model": "store.category", "pk": 3, "fields": {"name": "Beauty And Personal Care"}}, {"model": "store.category", "pk": 4, "fields": {"name": "Health And Household"}}, {"model": "store.category", "pk": 5, "fields": {"name": "Home And Kitchen"}}, {"model": "store.category", "pk": 6, "fields": {"name": "Industrial And Scientific"}}, {"model": "store.category", "pk": 7, "fields": {"name": "Luggage"}}, {"model": "store.category", "pk": 8, "fields": {"name": "Software"}}, {"model": "store.category", "pk": 9, "fields": {"name": "Sports And Outdoors"}}, {"model": "store.category", "pk": 10, "fields": {"name": "Toys And Games"}}, {"model": "store.category", "pk": 11, "fields": {"name": "Electronics"}}, {"model": "store.category", "pk": 12, "fields": {"name": "Smart Home"}}, {"model": "store.product", "pk": 1, "fields": {"name": "Women's Asymmetrical Hem Dress", "price": "75.00", "description": "Modern luxury: The signature aesthetics of our brand are evident in each style, making them a standout within your existing wardrobe.\r\nChic and versatile: Mix and match with other pieces in your collection; carry it in your work bag, wear it for a night out, or as part of your daily uniform.\r\nAnytime, anywhere: Both comfortable and versatile, these dress are designed to be a transitional weather staple.\r\nFlattering silhouettes: These dress lend a trend-forward, yet clean and flattering look. They're sure to be your next wardrobe staple.", "stock": 75, "featured": false, "digital": false, "image": "women_cloth.jpg", "category": 1}}, {"model": "store.product", "pk": 2, "fields": {"name": "Silver-Tone Statement Link Bracelet", "price": "27.00", "description": "Lucky Brand Silver Link Bracelet\r\nSet in silver-tone mixed metal\r\nApprox. length: 7-1/4\" + 1/2\" extender", "stock": 10, "featured": false, "digital": false, "image": "jewelary.jpg", "category": 1}}, {"model": "store.product", "pk": 3, "fields": {"name": "Walking Sneakers Athletic Shoes - Black", "price": "84.00", "description": "100% Leather\r\nImported\r\nRubber sole\r\nShaft measures approximately low-top from arch\r\nFirm heel counter with removable footbed\r\nCushioned EVA midsole with herring-bone tread rubber outsole\r\nClosure_type: Hook and Loop\r\nStyle: Lifewalker Strap", "stock": 6, "featured": false, "digital": false, "image": "shoe.jpg", "category": 2}}, {"model": "store.product", "pk": 4, "fields": {"name": "Men's Classic Rectangle 2-Hand Quartz Watch", "price": "206.00", "description": "Imported\r\nFrom the Bulova Men's Classic Collection, inspired by vintage design, our classic watches achieve a tailored, understated look that's always in style.\r\n2 Hand Quartz Movement\r\nSilver-Tone Stainless Steel\r\nMetalized Curved Mineral Crystal\r\n30M Water Resistant and 3 Year Limited Warranty", "stock": 12, "featured": false, "digital": false, "image": "watch.jpg", "category": 2}}, {"model": "store.product", "pk": 5, "fields": {"name": "Fossil Men's Fos 2088/S Rectangular Sunglasses", "price": "40.00", "description": "Imported\r\nMetal frame\r\nPlastic lens\r\nNon-Polarized\r\nUV Protection Coating coating\r\nLens width: 59 millimeters\r\nLens height: 41.7 millimeters", "stock": 17, "featured": false, "digital": false, "image": "glass.jpg", "category": 2}}, {"model": "store.product", "pk": 6, "fields": {"name": "Paco Rabanne Invictus Victory EDP Extreme Spray Men 3.4 oz", "price": "84.00", "description": "Product Dimensions ‏ : ‎ 2.8 x 3.6 x 5.1 inches; 7.05 Ounces\r\nItem model number ‏ : ‎ 3349668588732\r\nBatteries ‏ : ‎ 1 A batteries required.\r\nManufacturer ‏ : ‎ Paco Rabanne\r\nASIN ‏ : ‎ B08WKFBWH4\r\nCountry of Origin ‏ : ‎ USA", "stock": 8, "featured": false, "digital": false, "image": "fragrence.jpg", "category": 3}}, {"model": "store.product", "pk": 7, "fields": {"name": "Tree Hut bare Moisturizing Shave Oil, Basic, Coconut-Lime, 7.7 Fl Oz", "price": "9.00", "description": "Smells like a Caribbean escape with key notes of Palm Leaf, Lime and Coconut\r\nUnique gel-to-oil formula provides ample hydration and a smooth glide you can feel during the shaving process and after rinse off\r\nPowered by a proprietary technology to prevent irritation, nicks and cuts from shaving by enhancing contact between the razor and skin for a close, smooth shave", "stock": 33, "featured": false, "digital": false, "image": "shave-oil.webp", "category": 3}}, {"model": "store.product", "pk": 8, "fields": {"name": "Flents Foam Ear Plugs", "price": "3.00", "description": "HEARING PROTECTION: for Sleeping, Loud Noise, Concerts, Construction, Heavy Machinery, Music, and other loud environments. Also great for creating silence\r\nMulti-purpose, can be used for sleep, travel, work, concerts, or to block external sound", "stock": 89, "featured": false, "digital": false, "image": "ear-plug.jpg", "category": 4}}, {"model": "store.product", "pk": 9, "fields": {"name": "Oakley Kitchen Sink Backpack, Stealth Black, One Size", "price": "138.00", "description": "Versatile backpack featuring padded side-access sleeve for 17\" laptop and brushed media pocket at top for protective storage\r\nFront organizer panel and mesh optics pocket\r\nCompression-molded back panel and adjustable shoulder straps for comfort\r\nBottom shoe compartment\r\nDimensions:20 H x 14 W x 8 D inches\r\nRubber logo is the new updated version of the product", "stock": 11, "featured": false, "digital": false, "image": "bag.webp", "category": 7}}, {"model": "store.order", "pk": 1, "fields": {"customer": 1, "date_ordered": "2023-10-22T13:04:38.430Z", "complete": true, "transaction_id": "1698008699.204788"}}, {"model": "store.order", "pk": 2, "fields": {"customer": 1, "date_ordered": "2023-10-22T21:05:02.683Z", "complete": true, "transaction_id": "1698009605.849303"}}, {"model": "store.order", "pk": 3, "fields": {"customer": 1, "date_ordered": "2023-10-22T21:20:09.784Z", "complete": false, "transaction_id": null}}, {"model": "store.orderitem", "pk": 2, "fields": {"product": 2, "order": 1, "quantity": 1, "date_added": "2023-10-22T14:38:17.221Z"}}, {"model": "store.orderitem", "pk": 3, "fields": {"product": 3, "order": 1, "quantity": 1, "date_added": "2023-10-22T14:38:18.878Z"}}, {"model": "store.orderitem", "pk": 4, "fields": {"product": 5, "order": 1, "quantity": 2, "date_added": "2023-10-22T14:38:20.742Z"}}, {"model": "store.orderitem", "pk": 5, "fields": {"product": 4, "order": 2, "quantity": 1, "date_added": "2023-10-22T21:19:24.044Z"}}, {"model": "store.orderitem", "pk": 6, "fields": {"product": 5, "order": 2, "quantity": 1, "date_added": "2023-10-22T21:19:27.104Z"}}, {"model": "store.orderitem", "pk": 7, "fields": {"product": 6, "order": 2, "quantity": 2, "date_added": "2023-10-22T21:19:28.690Z"}}, {"model": "store.orderitem", "pk": 8, "fields": {"product": 9, "order": 2, "quantity": 1, "date_added": "2023-10-22T21:19:35.609Z"}}, {"model": "store.orderitem", "pk": 9, "fields": {"product": 2, "order": 3, "quantity": 1, "date_added": "2023-10-23T15:05:40.188Z"}}, {"model": "store.orderitem", "pk": 10, "fields": {"product": 3, "order": 3, "quantity": 1, "date_added": "2023-10-23T15:05:42.856Z"}}, {"model": "store.orderitem", "pk": 11, "fields": {"product": 6, "order": 3, "quantity": 1, "date_added": "2023-10-23T15:05:44.620Z"}}, {"model": "store.orderitem", "pk": 12, "fields": {"product": 8, "order": 3, "quantity": 1, "date_added": "2023-10-23T15:05:48.646Z"}}, {"model": "store.orderitem", "pk": 13, "fields": {"product": 9, "order": 3, "quantity": 1, "date_added": "2023-10-23T15:05:50.036Z"}}, {"model": "store.shippingaddress", "pk": 1, "fields": {"customer": 1, "order": 1, "address": null, "city": null, "state": null, "zipcode": null}}, {"model": "store.shippingaddress", "pk": 2, "fields": {"customer": 1, "order": 2, "address": null, "city": null, "state": null, "zipcode": null}}, {"model": "store.orderhistory", "pk": 1, "fields": {"customer": 1, "order": 1, "date_time": "2023-10-22T21:04:59.251Z"}}, {"model": "store.orderhistory", "pk": 2, "fields": {"customer": 1, "order": 2, "date_time": "2023-10-22T21:20:05.876Z"}}]